,Model,R-squared (Test)
0,RandomForest,0.8455503509620959
1,GradientBoosting,0.8137621756129269
2,SVR,0.7366123484792534
3,XGBoost,0.827740429100931
