,Model,R-squared (Test)
0,RandomForest,0.8457388289911425
1,GradientBoosting,0.8137621756129267
2,SVR,0.7366123484792526
3,XGBoost,0.8300611160786797
